{
  "ACL":{
    "mbb": {
      "lr": 0.0002,
      "auw": 0.007
    }
  },
  "ACT":{
    "mbb": {
      "lr": 0.000184,
      "auw": 0.007413
    }
  }
}
